Date,META_Open,META_High,META_Low,META_Close,META_Adj Close,META_Volume,NVDA_Open,NVDA_High,NVDA_Low,NVDA_Close,NVDA_Adj Close,NVDA_Volume,TSLA_Open,TSLA_High,TSLA_Low,TSLA_Close,TSLA_Adj Close,TSLA_Volume,MSFT_Open,MSFT_High,MSFT_Low,MSFT_Close,MSFT_Adj Close,MSFT_Volume,AAPL_Open,AAPL_High,AAPL_Low,AAPL_Close,AAPL_Adj Close,AAPL_Volume,AMZN_Open,AMZN_High,AMZN_Low,AMZN_Close,AMZN_Adj Close,AMZN_Volume,GOOGL_Open,GOOGL_High,GOOGL_Low,GOOGL_Close,GOOGL_Adj Close,GOOGL_Volume
2025-11-13,613.0700073242188,617.6500244140625,603.0,609.8900146484375,608.8717041015625,20973800,191.0500030517578,191.44000244140625,183.85000610351562,186.86000061035156,186.8394775390625,207423100,423.1300048828125,424.5,396.3399963378906,401.989990234375,401.989990234375,118948000,510.30999755859375,513.5,501.2900085449219,503.2900085449219,501.205810546875,25273100,274.1099853515625,276.70001220703125,272.0899963378906,272.95001220703125,272.4438171386719,49602800,243.0500030517578,243.75,236.5,237.5800018310547,237.5800018310547,41401700,282.3399963378906,282.8399963378906,277.239990234375,278.57000732421875,278.19207763671875,29494000
2025-11-14,601.7899780273438,613.6799926757812,595.2000122070312,609.4600219726562,608.4424438476562,20724100,182.86000061035156,191.00999450683594,180.5800018310547,190.1699981689453,190.1491241455078,186591900,386.29998779296875,412.19000244140625,382.7799987792969,404.3500061035156,404.3500061035156,105506700,498.2300109863281,511.6000061035156,497.44000244140625,510.17999267578125,508.0672912597656,28505700,271.04998779296875,275.9599914550781,269.6000061035156,272.4100036621094,271.90484619140625,47431300,235.05999755859375,238.72999572753906,232.88999938964844,234.69000244140625,234.69000244140625,38956700,271.4100036621094,278.55999755859375,270.70001220703125,276.4100036621094,276.0350036621094,31647200
2025-11-17,609.0399780273438,611.6900024414062,595.4000244140625,602.010009765625,601.0048217773438,16501300,185.97000122070312,189.0,184.32000732421875,186.60000610351562,186.5795135498047,173628900,398.739990234375,423.9599914550781,398.739990234375,408.9200134277344,408.9200134277344,102214300,508.45001220703125,512.1199951171875,504.9100036621094,507.489990234375,505.388427734375,19092800,268.82000732421875,270.489990234375,265.7300109863281,267.4599914550781,266.9639892578125,45018300,233.25,234.60000610351562,229.19000244140625,232.8699951171875,232.8699951171875,59919000,285.7799987792969,293.95001220703125,283.57000732421875,285.0199890136719,284.63330078125,52670200
2025-11-18,591.5999755859375,603.6599731445312,583.780029296875,597.6900024414062,596.6920776367188,25500600,183.3800048828125,184.8000030517578,179.64999389648438,181.36000061035156,181.340087890625,213598900,405.3800048828125,408.8999938964844,393.7099914550781,401.25,401.25,80688600,495.3699951171875,502.9800109863281,486.7799987792969,493.7900085449219,491.74517822265625,33815100,269.989990234375,270.7099914550781,265.32000732421875,267.44000244140625,266.94403076171875,45677300,228.10000610351562,230.1999969482422,222.4199981689453,222.5500030517578,222.5500030517578,60608400,287.9200134277344,288.79998779296875,278.20001220703125,284.2799987792969,283.8943176269531,49158700
2025-11-19,593.719970703125,595.3300170898438,581.25,590.3200073242188,589.3343505859375,24744700,184.7899932861328,187.86000061035156,182.8300018310547,186.52000427246094,186.49951171875,247246400,406.17999267578125,411.7799987792969,398.5,403.989990234375,403.989990234375,72047700,490.1000061035156,495.19000244140625,482.8299865722656,487.1199951171875,485.102783203125,23245300,265.5299987792969,272.2099914550781,265.5,268.55999755859375,268.0619812011719,40424500,223.74000549316406,223.74000549316406,218.52000427246094,222.69000244140625,222.69000244140625,58335600,287.1600036621094,303.80999755859375,286.6300048828125,292.80999755859375,292.4127502441406,68198900
2025-11-20,603.5,606.719970703125,583.3499755859375,589.1500244140625,588.1663208007812,20603000,195.9499969482422,196.0,179.85000610351562,180.63999938964844,180.6201629638672,343504800,414.6300048828125,428.94000244140625,394.739990234375,395.2300109863281,395.2300109863281,113548800,492.7099914550781,493.57000732421875,475.5,478.42999267578125,477.3404846191406,26802500,270.8299865722656,275.42999267578125,265.9200134277344,266.25,265.7562561035156,45823600,227.0500030517578,227.41000366210938,216.74000549316406,217.13999938964844,217.13999938964844,50309000,304.5400085449219,306.4200134277344,288.6700134277344,289.45001220703125,289.05731201171875,62025200
2025-11-21,588.5,598.1199951171875,581.8599853515625,594.25,593.2578125,21052600,181.24000549316406,184.55999755859375,172.92999267578125,178.8800048828125,178.86036682128906,346926200,402.32000732421875,402.79998779296875,383.760009765625,391.0899963378906,391.0899963378906,100460600,478.5,478.9200134277344,468.2699890136719,472.1199951171875,471.04486083984375,31769200,265.95001220703125,273.3299865722656,265.6700134277344,271.489990234375,270.98651123046875,59030800,216.35000610351562,222.2100067138672,215.17999267578125,220.69000244140625,220.69000244140625,68490500,296.4200134277344,303.9200134277344,293.8500061035156,299.6600036621094,299.2534484863281,74137700
2025-11-24,598.719970703125,616.7000122070312,597.6300048828125,613.0499877929688,612.0264282226562,23554900,179.49000549316406,183.5,176.47999572753906,182.5500030517578,182.52996826171875,256618300,402.1700134277344,421.7200012207031,401.0899963378906,417.7799987792969,417.7799987792969,96806400,475.0,476.8999938964844,468.0199890136719,474.0,472.92059326171875,34421000,270.8999938964844,277.0,270.8999938964844,275.9200134277344,275.4083557128906,65585800,222.55999755859375,227.3300018310547,222.27000427246094,226.27999877929688,226.27999877929688,54318400,311.1300048828125,319.4800109863281,309.6000061035156,318.5799865722656,318.14776611328125,85165100
2025-11-25,624.0,637.0499877929688,618.2999877929688,636.219970703125,635.1576538085938,25213000,174.91000366210938,178.16000366210938,169.5500030517578,177.82000732421875,177.80047607421875,320600300,414.4200134277344,420.4800109863281,405.95001220703125,419.3999938964844,419.3999938964844,71915600,474.07000732421875,479.1499938964844,464.8900146484375,476.989990234375,475.90374755859375,28019800,275.2699890136719,280.3800048828125,275.25,276.9700012207031,276.45635986328125,46914200,226.3800048828125,230.52000427246094,223.8000030517578,229.6699981689453,229.6699981689453,39379300,326.2099914550781,328.8299865722656,317.6499938964844,323.44000244140625,323.0011901855469,88632100
2025-11-26,637.6900024414062,638.3599853515625,631.6300048828125,633.6099853515625,632.5520629882812,15209500,181.6300048828125,182.91000366210938,178.24000549316406,180.25999450683594,180.24020385742188,183852000,423.95001220703125,426.94000244140625,416.8900146484375,426.5799865722656,426.5799865722656,63463000,486.30999755859375,488.30999755859375,481.20001220703125,485.5,484.3943786621094,25709100,276.9599914550781,279.5299987792969,276.6300048828125,277.54998779296875,277.0353088378906,33431400,230.74000549316406,231.75,228.77000427246094,229.16000366210938,229.16000366210938,38497900,320.67999267578125,324.5,316.7900085449219,319.95001220703125,319.5159606933594,51373400
2025-11-28,636.0800170898438,648.0499877929688,635.5,647.9500122070312,646.8681640625,11033200,179.00999450683594,179.2899932861328,176.5,177.0,176.98056030273438,121332800,426.5899963378906,432.92999267578125,426.20001220703125,430.1700134277344,430.1700134277344,36252900,487.6000061035156,492.6300048828125,486.6499938964844,492.010009765625,490.88958740234375,14386700,277.260009765625,279.0,275.989990234375,278.8500061035156,278.3328857421875,20135600,231.24000549316406,233.2899932861328,230.22000122070312,233.22000122070312,233.22000122070312,20292300,323.3699951171875,326.8500061035156,316.7900085449219,320.17999267578125,319.74560546875,26018600
2025-12-01,639.5499877929688,645.3200073242188,637.760009765625,640.8699951171875,639.7999267578125,13029900,174.75999450683594,180.3000030517578,173.67999267578125,179.9199981689453,179.90025329589844,188131000,425.32000732421875,433.6600036621094,425.2900085449219,430.1400146484375,430.1400146484375,57463600,488.44000244140625,489.8599853515625,484.6499938964844,486.739990234375,485.6315612792969,23964000,278.010009765625,283.4200134277344,276.1400146484375,283.1000061035156,282.57501220703125,46587700,233.22000122070312,235.8000030517578,232.25,233.8800048828125,233.8800048828125,42904000,317.70001220703125,319.8500061035156,313.8900146484375,314.8900146484375,314.4627990722656,41183000
2025-12-02,642.3400268554688,647.8699951171875,638.0700073242188,647.0999755859375,646.01953125,11640900,181.75999450683594,185.66000366210938,180.0,181.4600067138672,181.44007873535156,182632200,430.80999755859375,436.79998779296875,422.1199951171875,429.239990234375,429.239990234375,69336600,486.7200012207031,493.5,486.32000732421875,490.0,488.8841552734375,19562700,283.0,287.3999938964844,282.6300048828125,286.19000244140625,285.6592712402344,53669500,235.00999450683594,238.97000122070312,233.5500030517578,234.4199981689453,234.4199981689453,45785400,316.739990234375,318.3800048828125,313.9100036621094,315.80999755859375,315.38153076171875,35854700
2025-12-03,644.4099731445312,648.8499755859375,637.5499877929688,639.5999755859375,638.5320434570312,11134300,181.0800018310547,182.4499969482422,179.11000061035156,179.58999633789062,179.57028198242188,165138000,432.1000061035156,447.9200134277344,431.1099853515625,446.739990234375,446.739990234375,87483000,476.32000732421875,484.239990234375,475.20001220703125,477.7300109863281,476.64208984375,34615100,286.20001220703125,288.6199951171875,283.29998779296875,284.1499938964844,283.623046875,43538700,233.35000610351562,233.3800048828125,230.61000061035156,232.3800048828125,232.3800048828125,35495100,315.8900146484375,321.5799865722656,314.1000061035156,319.6300048828125,319.1963806152344,41838300
2025-12-04,676.0,676.0999755859375,660.0499877929688,661.530029296875,660.425537109375,29874600,181.6199951171875,184.52000427246094,179.9600067138672,183.3800048828125,183.37008666992188,167364900,449.94000244140625,454.6300048828125,445.3900146484375,454.5299987792969,454.5299987792969,71906500,479.760009765625,481.32000732421875,476.489990234375,480.8399963378906,479.7449951171875,22318200,284.1000061035156,284.7300109863281,278.5899963378906,280.70001220703125,280.179443359375,43989100,232.77000427246094,233.5,226.8000030517578,229.11000061035156,229.11000061035156,45683200,322.2300109863281,322.3599853515625,314.70001220703125,317.6199951171875,317.1890869140625,31240900
2025-12-05,664.0,674.6900024414062,662.3900146484375,673.4199829101562,672.2955932617188,21207900,183.88999938964844,184.66000366210938,180.91000366210938,182.41000366210938,182.40013122558594,143971100,453.0299987792969,458.8699951171875,451.6600036621094,455.0,455.0,56427500,482.5199890136719,483.3999938964844,478.8800048828125,483.1600036621094,482.0597229003906,22608700,280.5400085449219,281.1400146484375,278.04998779296875,278.7799987792969,278.26300048828125,47265800,230.32000732421875,231.24000549316406,228.5500030517578,229.52999877929688,229.52999877929688,33117400,319.489990234375,323.1600036621094,319.1700134277344,321.2699890136719,320.8341064453125,28851700
2025-12-08,669.3400268554688,676.7100219726562,665.0700073242188,666.7999877929688,665.6866455078125,13161000,182.63999938964844,188.0,182.39999389648438,185.5500030517578,185.5399627685547,204378100,447.45001220703125,449.75,435.25,439.5799865722656,439.5799865722656,69165800,484.8900146484375,492.29998779296875,484.3800048828125,491.0199890136719,489.9018249511719,21965900,278.1300048828125,279.6700134277344,276.1499938964844,277.8900146484375,277.3746643066406,38211800,229.58999633789062,230.8300018310547,226.27000427246094,226.88999938964844,226.88999938964844,35019200,320.04998779296875,320.44000244140625,311.2200012207031,313.7200012207031,313.49932861328125,33909400
2025-12-09,663.77001953125,664.47998046875,653.3400268554688,656.9600219726562,655.8631591796875,12997100,185.55999755859375,185.72000122070312,183.32000732421875,184.97000122070312,184.95999145507812,144719700,437.5400085449219,452.3900146484375,435.70001220703125,445.1700134277344,445.1700134277344,62367400,489.1000061035156,492.1199951171875,488.5,492.0199890136719,490.8995361328125,14696100,278.1600036621094,280.0299987792969,276.9200134277344,277.17999267578125,276.6659851074219,32193300,226.83999633789062,228.57000732421875,225.11000061035156,227.9199981689453,227.9199981689453,25841700,312.3699951171875,317.989990234375,311.8999938964844,317.0799865722656,316.85693359375,30194000
2025-12-10,649.9500122070312,654.510009765625,643.4000244140625,650.1300048828125,649.0444946289062,16910900,184.97000122070312,185.47999572753906,182.0399932861328,183.77999877929688,183.77005004882812,162785400,446.07000732421875,456.8800048828125,443.6099853515625,451.45001220703125,451.45001220703125,63257500,484.0299987792969,484.25,475.0799865722656,478.55999755859375,477.4701843261719,35756200,277.75,279.75,276.44000244140625,278.7799987792969,278.26300048828125,33038300,228.80999755859375,232.4199981689453,228.4600067138672,231.77999877929688,231.77999877929688,38790700,315.8299865722656,321.30999755859375,314.67999267578125,320.2099914550781,319.9847412109375,33428900
2025-12-11,643.2899780273438,655.280029296875,640.7999877929688,652.7100219726562,651.6201782226562,13056700,180.27999877929688,181.32000732421875,176.6199951171875,180.92999267578125,180.92019653320312,182136600,448.95001220703125,449.2699890136719,440.3299865722656,446.8900146484375,446.8900146484375,55979500,476.6300048828125,486.0299987792969,475.8599853515625,483.4700012207031,482.3690185546875,24669200,279.1000061035156,279.5899963378906,273.80999755859375,278.0299987792969,277.514404296875,33248000,230.7100067138672,232.11000061035156,228.69000244140625,230.27999877929688,230.27999877929688,28249600,320.0799865722656,321.1199951171875,308.6000061035156,312.42999267578125,312.210205078125,42353700
2025-12-12,649.7999877929688,711.0,638.6099853515625,644.22998046875,643.1543579101562,14016900,181.11000061035156,182.82000732421875,174.6199951171875,175.02000427246094,175.01052856445312,204274900,448.0899963378906,463.010009765625,441.6700134277344,458.9599914550781,458.9599914550781,95656700,479.82000732421875,482.45001220703125,476.3399963378906,478.5299987792969,477.4402770996094,21248100,277.8999938964844,279.2200012207031,276.82000732421875,278.2799987792969,277.763916015625,39532900,229.8699951171875,230.0800018310547,225.1199951171875,226.19000244140625,226.19000244140625,35639100,313.70001220703125,314.8699951171875,305.55999755859375,309.2900085449219,309.07244873046875,35940200
2025-12-15,645.7000122070312,653.0,638.7000122070312,647.510009765625,646.9561157226562,15549100,177.94000244140625,178.4199981689453,175.02999877929688,176.2899932861328,176.28045654296875,164775600,469.44000244140625,481.7699890136719,467.6600036621094,475.30999755859375,475.30999755859375,114542200,480.1000061035156,480.7200012207031,472.5199890136719,474.82000732421875,473.73870849609375,23727700,280.1499938964844,280.1499938964844,272.8399963378906,274.1099853515625,273.6016540527344,50409100,227.92999267578125,227.92999267578125,221.5,222.5399932861328,222.5399932861328,47286100,311.32000732421875,311.4200134277344,304.8800048828125,308.2200012207031,308.003173828125,29151900
2025-12-16,643.5,662.5399780273438,643.2000122070312,657.1500244140625,656.587890625,14309100,176.25999450683594,178.49000549316406,174.89999389648438,177.72000122070312,177.71038818359375,148588100,472.2099914550781,491.5,465.8299865722656,489.8800048828125,489.8800048828125,107608100,471.9100036621094,477.8900146484375,470.8800048828125,476.3900146484375,475.3051452636719,20705600,272.82000732421875,275.5,271.7900085449219,274.6099853515625,274.1007385253906,37648600,223.0399932861328,223.66000366210938,221.1300048828125,222.55999755859375,222.55999755859375,39298900,304.95001220703125,310.7699890136719,302.5899963378906,306.57000732421875,306.3543395996094,30585000
2025-12-17,655.6099853515625,661.22998046875,649.2000122070312,649.5,648.9443969726562,15598500,176.10000610351562,176.1300048828125,170.30999755859375,170.94000244140625,170.93075561523438,222775500,488.2200012207031,495.2799987792969,466.20001220703125,467.260009765625,467.260009765625,106490400,476.9100036621094,480.0,475.0,476.1199951171875,475.0357360839844,24527200,275.010009765625,276.1600036621094,271.6400146484375,271.8399963378906,271.33587646484375,50138700,224.66000366210938,225.19000244140625,220.99000549316406,221.27000427246094,221.27000427246094,44034400,308.010009765625,308.0899963378906,296.1199951171875,296.7200012207031,296.5112609863281,43930400
2025-12-18,657.030029296875,670.5599975585938,656.4600219726562,664.4500122070312,663.881591796875,20260300,174.52999877929688,176.14999389648438,171.82000732421875,174.13999938964844,174.1305694580078,176096000,478.1600036621094,490.8599853515625,473.1199951171875,483.3699951171875,483.3699951171875,95168400,478.19000244140625,489.6000061035156,477.8900146484375,483.9800109863281,482.87786865234375,28573500,273.6099853515625,273.6300048828125,266.95001220703125,272.19000244140625,271.68524169921875,51630700,225.7100067138672,229.22999572753906,224.41000366210938,226.75999450683594,226.75999450683594,50272400,301.7200012207031,303.9599914550781,299.2300109863281,302.4599914550781,302.2472229003906,33518000
2025-12-19,666.4199829101562,671.0,658.1799926757812,658.77001953125,658.2064819335938,49977100,176.6699981689453,181.4499969482422,176.33999633789062,180.99000549316406,180.98020935058594,324925900,488.1199951171875,490.489990234375,474.7200012207031,481.20001220703125,481.20001220703125,103305400,487.3599853515625,487.8500061035156,482.489990234375,485.9200134277344,484.8134460449219,70836100,272.1499938964844,274.6000061035156,269.8999938964844,273.6700134277344,273.1625061035156,144632000,226.75999450683594,229.1300048828125,225.5800018310547,227.35000610351562,227.35000610351562,85544400,301.7300109863281,307.25,300.9700012207031,307.1600036621094,306.9439392089844,59943200
2025-12-22,661.6500244140625,673.5800170898438,656.6500244140625,661.5,660.9341430664062,15659400,183.9199981689453,184.16000366210938,182.35000610351562,183.69000244140625,183.6800537109375,129064400,489.8800048828125,498.8299865722656,485.3299865722656,488.7300109863281,488.7300109863281,86916100,486.1199951171875,488.7300109863281,482.69000244140625,484.9200134277344,483.81573486328125,16963000,272.8599853515625,273.8800048828125,270.510009765625,270.9700012207031,270.4674987792969,36571800,228.61000061035156,229.47999572753906,226.7100067138672,228.42999267578125,228.42999267578125,32261300,309.8800048828125,310.1300048828125,305.29998779296875,309.7799987792969,309.56207275390625,26429900
2025-12-23,660.0499877929688,666.0,658.25,664.9400024414062,664.3711547851562,8486800,182.97000122070312,189.3300018310547,182.89999389648438,189.2100067138672,189.19976806640625,174873600,489.3999938964844,491.9700012207031,482.8399963378906,485.55999755859375,485.55999755859375,58223600,484.9800109863281,487.8299865722656,484.739990234375,486.8500061035156,485.7413330078125,14683600,270.8399963378906,272.5,269.55999755859375,272.3599853515625,271.85491943359375,29642000,229.05999755859375,232.4499969482422,228.72999572753906,232.13999938964844,232.13999938964844,29230200,309.6300048828125,314.94000244140625,309.32000732421875,314.3500061035156,314.1288757324219,25478700
2025-12-24,662.530029296875,668.1799926757812,662.2000122070312,667.5499877929688,666.9789428710938,5627500,187.94000244140625,188.91000366210938,186.58999633789062,188.61000061035156,188.59979248046875,65528500,488.4800109863281,490.8999938964844,476.79998779296875,485.3999938964844,485.3999938964844,41285400,485.67999267578125,489.1600036621094,484.8299865722656,488.0199890136719,486.90863037109375,5855900,272.3399963378906,275.42999267578125,272.20001220703125,273.80999755859375,273.3022155761719,17910600,232.1300048828125,232.9499969482422,231.3300018310547,232.3800048828125,232.3800048828125,11420500,314.7699890136719,315.0799865722656,311.9200134277344,314.0899963378906,313.8690490722656,10097400
2025-12-26,668.0599975585938,668.9500122070312,661.3200073242188,663.2899780273438,662.7225952148438,7133800,189.9199981689453,192.69000244140625,188.0,190.52999877929688,190.51968383789062,139740300,485.2300109863281,489.0899963378906,473.82000732421875,475.19000244140625,475.19000244140625,58780700,486.7099914550781,488.1199951171875,485.9599914550781,487.7099914550781,486.599365234375,8842200,274.1600036621094,275.3699951171875,272.8599853515625,273.3999938964844,272.89300537109375,21521800,232.0399932861328,232.99000549316406,231.17999267578125,232.52000427246094,232.52000427246094,15994700,314.4800109863281,315.0899963378906,312.2799987792969,313.510009765625,313.2894592285156,10899000
2025-12-29,658.010009765625,660.25,654.3900146484375,658.6900024414062,658.1265258789062,8506500,187.7100067138672,188.75999450683594,185.91000366210938,188.22000122070312,188.20980834960938,120006100,469.0,469.3999938964844,459.0,459.6400146484375,459.6400146484375,66263000,484.8599853515625,488.3500061035156,484.17999267578125,487.1000061035156,485.9907531738281,10893400,272.69000244140625,274.3599853515625,272.3500061035156,273.760009765625,273.2523498535156,23715200,231.94000244140625,232.60000610351562,230.77000427246094,232.07000732421875,232.07000732421875,19797900,311.3699951171875,314.0199890136719,310.6199951171875,313.55999755859375,313.33941650390625,19621800
2025-12-30,658.6900024414062,672.219970703125,657.8400268554688,665.9500122070312,665.3803100585938,9187500,188.24000549316406,188.99000549316406,186.92999267578125,187.5399932861328,187.52984619140625,97687300,461.0899963378906,463.1199951171875,453.8299865722656,454.42999267578125,454.42999267578125,59238500,485.92999267578125,489.67999267578125,485.5,487.4800109863281,486.3699035644531,13944500,272.80999755859375,274.0799865722656,272.2799987792969,273.0799865722656,272.57354736328125,22139600,231.2100067138672,232.77000427246094,230.1999969482422,232.52999877929688,232.52999877929688,21910500,312.5,316.95001220703125,312.4599914550781,313.8500061035156,313.6292419433594,17380900
2025-12-31,664.75,665.0,659.4400024414062,660.0900268554688,659.5253295898438,7940400,189.57000732421875,190.55999755859375,186.49000549316406,186.5,186.4899139404297,120100500,456.1000061035156,456.54998779296875,449.29998779296875,449.7200012207031,449.7200012207031,49078000,487.8399963378906,488.1400146484375,483.29998779296875,483.6199951171875,482.5186767578125,15601600,273.05999755859375,273.67999267578125,271.75,271.8599853515625,271.3558349609375,27293600,232.91000366210938,232.99000549316406,230.1199951171875,230.82000732421875,230.82000732421875,24383700,312.8500061035156,314.5799865722656,311.44000244140625,313.0,312.7798156738281,16377700
2026-01-02,662.72998046875,664.3900146484375,643.5,650.4099731445312,649.8535766601562,13726500,189.83999633789062,192.92999267578125,188.25999450683594,188.85000610351562,188.83978271484375,148240500,457.79998779296875,458.3399963378906,435.29998779296875,438.07000732421875,438.07000732421875,85535400,484.3900146484375,484.6600036621094,470.1600036621094,472.94000244140625,471.8630065917969,25571600,272.260009765625,277.8399963378906,269.0,271.010009765625,270.5074462890625,37838100,231.33999633789062,235.4600067138672,224.6999969482422,226.5,226.5,51456200,316.8999938964844,322.5,310.3299865722656,315.1499938964844,314.9283142089844,32009400
2026-01-05,651.010009765625,664.5399780273438,647.75,658.7899780273438,658.2264404296875,12213700,191.75999450683594,193.6300048828125,186.14999389648438,188.1199951171875,188.1098175048828,183529700,447.989990234375,457.54998779296875,444.57000732421875,451.6700134277344,451.6700134277344,67940800,474.05999755859375,476.07000732421875,469.5,472.8500061035156,471.773193359375,25250300,270.6400146484375,271.510009765625,266.1400146484375,267.260009765625,266.764404296875,45647200,228.83999633789062,234.0,227.17999267578125,233.05999755859375,233.05999755859375,49733300,317.6600036621094,319.0199890136719,314.6300048828125,316.5400085449219,316.3173522949219,30195600
2026-01-06,659.5700073242188,665.52001953125,651.9000244140625,660.6199951171875,660.0548706054688,11074400,190.52000427246094,192.1699981689453,186.82000732421875,187.24000549316406,187.22987365722656,176862600,446.3800048828125,448.25,428.7799987792969,432.9599914550781,432.9599914550781,89093800,473.79998779296875,478.739990234375,469.75,478.510009765625,477.4203186035156,23037700,267.0,267.54998779296875,262.1199951171875,262.3599853515625,261.87347412109375,52352100,232.10000610351562,243.17999267578125,232.07000732421875,240.92999267578125,240.92999267578125,53764700,316.3999938964844,320.94000244140625,311.7799987792969,314.3399963378906,314.1188659667969,31212100
2026-01-07,655.6400146484375,659.1500244140625,644.8099975585938,648.6900024414062,648.1350708007812,12846300,188.57000732421875,191.3699951171875,186.55999755859375,189.11000061035156,189.09976196289062,153543200,435.8999938964844,438.3699951171875,431.2900085449219,431.4100036621094,431.4100036621094,59828800,479.760009765625,489.70001220703125,477.95001220703125,483.4700012207031,482.3690185546875,25564200,263.20001220703125,263.67999267578125,259.80999755859375,260.3299865722656,259.84722900390625,48309800,239.61000061035156,245.2899932861328,239.52000427246094,241.55999755859375,241.55999755859375,42236500,314.3599853515625,326.1499938964844,314.19000244140625,321.9800109863281,321.7535095214844,35104400
2026-01-08,645.8800048828125,647.0999755859375,635.719970703125,646.0599975585938,645.50732421875,11921700,189.11000061035156,189.5500030517578,183.7100067138672,185.0399932861328,185.0299835205078,172457000,427.8900146484375,436.8900146484375,424.3699951171875,435.79998779296875,435.79998779296875,57041100,481.239990234375,482.6600036621094,475.8599853515625,478.1099853515625,477.0212097167969,18162600,257.0199890136719,259.2900085449219,255.6999969482422,259.0400085449219,258.55963134765625,50419300,243.05999755859375,246.41000366210938,241.8800048828125,246.2899932861328,246.2899932861328,39509800,328.9700012207031,330.32000732421875,321.5,325.44000244140625,325.2110595703125,31896100
2026-01-09,645.4400024414062,654.9500122070312,642.8499755859375,653.0599975585938,652.5013427734375,11634900,185.0800018310547,186.33999633789062,183.6699981689453,184.86000061035156,184.84999084472656,131327500,435.95001220703125,449.04998779296875,430.3900146484375,445.010009765625,445.010009765625,67331500,474.05999755859375,479.82000732421875,472.20001220703125,479.2799987792969,478.1885681152344,18491000,259.0799865722656,260.2099914550781,256.2200012207031,259.3699951171875,258.8890075683594,39997000,244.57000732421875,247.86000061035156,242.24000549316406,247.3800048828125,247.3800048828125,34560000,327.0899963378906,330.8299865722656,325.79998779296875,328.57000732421875,328.3388671875,26214200
2026-01-12,652.530029296875,653.969970703125,641.22998046875,641.969970703125,641.4207763671875,14797200,183.22000122070312,187.1199951171875,183.02000427246094,184.94000244140625,184.92999267578125,137968500,441.2300109863281,454.29998779296875,438.0,448.9599914550781,448.9599914550781,61649600,476.6700134277344,480.989990234375,475.67999267578125,477.17999267578125,476.09332275390625,23519900,259.1600036621094,261.29998779296875,256.79998779296875,260.25,259.7673645019531,45263800,246.72999572753906,248.94000244140625,245.9600067138672,246.47000122070312,246.47000122070312,35867800,325.79998779296875,334.0400085449219,325.0,331.8599853515625,331.62652587890625,33923900
2026-01-13,642.27001953125,642.27001953125,624.0999755859375,631.0900268554688,630.5501708984375,18030400,185.0,188.11000061035156,183.39999389648438,185.80999755859375,185.79994201660156,160128900,450.20001220703125,451.80999755859375,443.95001220703125,447.20001220703125,447.20001220703125,53719200,474.67999267578125,475.7799987792969,465.95001220703125,470.6700134277344,469.5981750488281,28545800,258.7200012207031,261.80999755859375,258.3900146484375,261.04998779296875,260.5658874511719,45730800,246.52999877929688,247.66000366210938,240.25,242.60000610351562,242.60000610351562,38371800,334.95001220703125,340.489990234375,333.6199951171875,335.9700012207031,335.7336730957031,33517600
2026-01-14,626.5,628.4500122070312,614.8200073242188,615.52001953125,614.9934692382812,15527900,184.32000732421875,184.4600067138672,180.8000030517578,183.13999938964844,183.1300811767578,159586100,442.80999755859375,443.9100036621094,434.2200012207031,439.20001220703125,439.20001220703125,57259500,466.4599914550781,468.20001220703125,457.1700134277344,459.3800048828125,458.3338928222656,28184300,259.489990234375,261.82000732421875,256.7099914550781,259.9599914550781,259.4779052734375,40019400,241.14999389648438,241.27999877929688,236.22000122070312,236.64999389648438,236.64999389648438,41410600,335.05999755859375,336.5199890136719,330.4800109863281,335.8399963378906,335.603759765625,28525600
2026-01-15,618.47998046875,624.1699829101562,614.22998046875,620.7999877929688,620.2689208984375,13076100,186.5,189.6999969482422,186.3300018310547,187.0500030517578,187.03988647460938,206188600,441.1300048828125,445.3599853515625,437.6499938964844,438.57000732421875,438.57000732421875,49465800,464.1199951171875,464.25,455.8999938964844,456.6600036621094,455.6200866699219,23225800,260.6499938964844,261.0400085449219,257.04998779296875,258.2099914550781,257.7311706542969,39388600,239.30999755859375,240.64999389648438,236.6300048828125,238.17999267578125,238.17999267578125,43003600,337.6499938964844,337.69000244140625,330.739990234375,332.7799987792969,332.5458984375,28442400
2026-01-16,624.1799926757812,629.0800170898438,620.0800170898438,620.25,619.7194213867188,17012500,189.0800018310547,190.44000244140625,186.0800018310547,186.22999572753906,186.21990966796875,187967200,439.5,447.25,435.260009765625,437.5,437.5,60220600,457.8299865722656,463.19000244140625,456.4800109863281,459.8599853515625,458.8127746582031,34246700,257.8999938964844,258.8999938964844,254.92999267578125,255.52999877929688,255.05612182617188,72142800,239.08999633789062,239.57000732421875,236.41000366210938,239.1199951171875,239.1199951171875,45888300,334.4100036621094,334.6499938964844,327.70001220703125,330.0,329.7678527832031,40341600
2026-01-20,607.8800048828125,611.4000244140625,600.0,604.1199951171875,603.6032104492188,15169600,181.89999389648438,182.3800048828125,177.61000061035156,178.07000732421875,178.06036376953125,223345300,429.3599853515625,430.7300109863281,417.44000244140625,419.25,419.25,63187300,451.2200012207031,456.79998779296875,449.2799987792969,454.5199890136719,453.48492431640625,26130000,252.72999572753906,254.7899932861328,243.4199981689453,246.6999969482422,246.2425079345703,80267500,233.75999450683594,235.08999633789062,229.33999633789062,231.0,231.0,47737900,320.8699951171875,327.7300109863281,320.42999267578125,322.0,321.77349853515625,35361000
2026-01-21,606.739990234375,618.27001953125,600.0800170898438,612.9600219726562,612.4356689453125,14494700,179.0500030517578,185.3800048828125,178.39999389648438,183.32000732421875,183.31008911132812,200381000,421.6600036621094,438.20001220703125,419.6199951171875,431.44000244140625,431.44000244140625,68124000,452.6000061035156,452.69000244140625,438.67999267578125,444.1099853515625,443.0986328125,37980500,248.6999969482422,251.55999755859375,245.17999267578125,247.64999389648438,247.1907501220703,54641700,231.08999633789062,232.3000030517578,226.8800048828125,231.30999755859375,231.30999755859375,47276100,320.9200134277344,332.4800109863281,319.3500061035156,328.3800048828125,328.1490173339844,35386600
2026-01-22,629.3499755859375,660.5700073242188,626.5499877929688,647.6300048828125,647.0759887695312,21394700,184.75,186.1699981689453,183.92999267578125,184.83999633789062,184.82998657226562,139636600,435.1600036621094,449.5,432.6300048828125,449.3599853515625,449.3599853515625,71546700,447.6199951171875,452.8399963378906,444.70001220703125,451.1400146484375,450.1126403808594,25349400,249.1999969482422,251.0,248.14999389648438,248.35000610351562,247.8894500732422,39708300,234.0500030517578,235.72000122070312,230.89999389648438,234.33999633789062,234.33999633789062,31913300,334.45001220703125,335.1499938964844,328.75,330.5400085449219,330.3074951171875,26253600
2026-01-23,644.77001953125,666.489990234375,644.4500122070312,658.760009765625,658.1964721679688,22797700,187.5,189.60000610351562,186.82000732421875,187.6699981689453,187.6598358154297,142748100,447.42999267578125,452.42999267578125,444.0400085449219,449.05999755859375,449.05999755859375,56771400,451.8699951171875,471.1000061035156,450.5299987792969,465.95001220703125,464.888916015625,38000200,247.32000732421875,249.41000366210938,244.67999267578125,248.0399932861328,247.58001708984375,41689000,234.9600067138672,240.4499969482422,234.57000732421875,239.16000366210938,239.16000366210938,33778500,332.489990234375,333.69000244140625,327.45001220703125,327.92999267578125,327.6993103027344,27280000
2026-01-26,665.1300048828125,675.280029296875,661.2899780273438,672.3599853515625,671.7847900390625,16327400,187.16000366210938,189.1199951171875,185.99000549316406,186.47000122070312,186.4599151611328,124799600,445.0,445.0400085449219,434.2799987792969,435.20001220703125,435.20001220703125,49397400,465.30999755859375,474.25,462.0,470.2799987792969,469.20904541015625,29291200,251.47999572753906,256.55999755859375,249.8000030517578,255.41000366210938,254.93637084960938,55969200,239.97999572753906,240.9499969482422,237.5399932861328,238.4199981689453,238.4199981689453,32825500,327.80999755859375,335.8399963378906,327.0,333.260009765625,333.02557373046875,26042100
2026-01-27,674.5900268554688,676.8200073242188,664.6599731445312,672.969970703125,672.394287109375,13297400,187.24000549316406,190.0,185.6999969482422,188.52000427246094,188.50979614257812,143711600,437.4100036621094,437.5199890136719,430.69000244140625,430.8999938964844,430.8999938964844,37733100,473.70001220703125,482.8699951171875,473.1600036621094,480.5799865722656,479.485595703125,29213900,259.1700134277344,261.95001220703125,258.2099914550781,258.2699890136719,257.7910461425781,49648300,239.69000244140625,244.8800048828125,238.0800018310547,244.67999267578125,244.67999267578125,38029200,335.3699951171875,337.9100036621094,333.4800109863281,334.54998779296875,334.31463623046875,21636200
2026-01-28,674.5,677.6799926757812,666.0999755859375,668.72998046875,668.1578979492188,25709600,191.27000427246094,192.35000610351562,189.83999633789062,191.52000427246094,191.5096435546875,148552700,431.9100036621094,438.260009765625,430.1000061035156,431.4599914550781,431.4599914550781,54857400,483.2099914550781,483.739990234375,478.0,481.6300048828125,480.533203125,36875400,257.6499938964844,258.8599853515625,254.50999450683594,256.44000244140625,255.96444702148438,41288000,246.3699951171875,247.77999877929688,241.52999877929688,243.00999450683594,243.00999450683594,40882700,336.05999755859375,337.5400085449219,331.94000244140625,336.010009765625,335.7736511230469,27434400
2026-01-29,737.4299926757812,744.0,712.5499877929688,738.3099975585938,737.6784057617188,59852900,191.33999633789062,193.47999572753906,186.05999755859375,192.50999450683594,192.49957275390625,171764400,437.79998779296875,440.2300109863281,414.6199951171875,416.55999755859375,416.55999755859375,81686100,439.989990234375,442.5,421.0199890136719,433.5,432.5128173828125,128855300,258.0,259.6499938964844,254.41000366210938,258.2799987792969,257.801025390625,67253000,242.82000732421875,243.0,236.74000549316406,241.72999572753906,241.72999572753906,47229600,340.29998779296875,342.2900085449219,326.5400085449219,338.25,338.0120544433594,39785600
2026-01-30,727.5,732.1699829101562,713.5900268554688,716.5,715.8870849609375,23744600,191.2100067138672,194.49000549316406,189.47000122070312,191.1300048828125,191.11965942382812,179489500,425.3500061035156,439.8800048828125,422.70001220703125,430.4100036621094,430.4100036621094,82626100,439.1700134277344,439.6000061035156,426.45001220703125,430.2900085449219,429.31011962890625,58566800,255.1699981689453,261.8999938964844,252.17999267578125,259.4800109863281,258.99884033203125,92443400,239.88999938964844,243.32000732421875,237.63999938964844,239.3000030517578,239.3000030517578,46585000,340.0,340.0,332.2900085449219,338.0,337.7622375488281,31024000
2026-02-02,714.5999755859375,721.2999877929688,703.52001953125,706.4099731445312,705.8056640625,14365200,187.1999969482422,190.3000030517578,184.8800048828125,185.61000061035156,185.59996032714844,165794100,421.2900085449219,427.1499938964844,414.5,421.80999755859375,421.80999755859375,58739500,430.239990234375,430.739990234375,422.25,423.3699951171875,422.4058837890625,42219900,260.0299987792969,270.489990234375,259.2099914550781,270.010009765625,269.50927734375,73913400,238.30999755859375,245.6300048828125,238.1699981689453,242.9600067138672,242.9600067138672,37546100,336.2200012207031,344.8299865722656,335.6300048828125,343.69000244140625,343.4482421875,32006100
2026-02-03,707.3699951171875,717.0,686.4099731445312,691.7000122070312,691.1082763671875,13760700,186.24000549316406,186.27000427246094,176.22999572753906,180.33999633789062,180.33023071289062,204019600,424.2699890136719,428.55999755859375,413.69000244140625,421.9599914550781,421.9599914550781,56886500,422.010009765625,422.04998779296875,408.55999755859375,411.2099914550781,410.2735595703125,61424100,269.20001220703125,271.8800048828125,267.6099853515625,269.4800109863281,268.98028564453125,64394700,244.97999572753906,246.35000610351562,235.4499969482422,238.6199951171875,238.6199951171875,53831300,347.3399963378906,349.0,337.4700012207031,339.7099914550781,339.47100830078125,36506700
2026-02-04,687.72998046875,688.8300170898438,667.4600219726562,668.989990234375,668.417724609375,16882800,179.4600067138672,179.5800018310547,171.91000366210938,174.19000244140625,174.18057250976562,207014100,420.4599914550781,423.8999938964844,399.17999267578125,406.010009765625,406.010009765625,74606900,411.0,419.79998779296875,409.239990234375,414.19000244140625,413.2467956542969,45012400,272.2900085449219,278.95001220703125,272.2900085449219,276.489990234375,275.97723388671875,90545700,238.86000061035156,238.86000061035156,231.82000732421875,232.99000549316406,232.99000549316406,51299900,342.9599914550781,343.30999755859375,328.5199890136719,333.0400085449219,332.80572509765625,70618400
2026-02-05,663.5800170898438,681.5,653.5,670.2100219726562,669.63671875,17131800,174.92999267578125,176.82000732421875,171.02999877929688,171.8800048828125,171.87069702148438,206312900,397.0199890136719,402.1000061035156,387.5299987792969,397.2099914550781,397.2099914550781,72819800,407.44000244140625,408.29998779296875,392.32000732421875,393.6700134277344,392.7735290527344,66289200,278.1300048828125,279.5,273.2300109863281,275.9100036621094,275.3983459472656,52977400,224.91000366210938,226.30999755859375,220.3800048828125,222.69000244140625,222.69000244140625,103509200,312.2200012207031,332.69000244140625,306.4599914550781,331.25,331.0169677734375,88205800
2026-02-06,665.489990234375,671.989990234375,646.5,661.4600219726562,660.8941650390625,18159300,176.69000244140625,187.0,174.60000610351562,185.41000366210938,185.39996337890625,231346200,400.8699951171875,414.54998779296875,397.75,411.1099853515625,411.1099853515625,62677100,399.1700134277344,401.7900085449219,392.9200134277344,401.1400146484375,400.22650146484375,53515300,277.1199951171875,280.9100036621094,276.92999267578125,278.1199951171875,277.6042175292969,50453400,202.6999969482422,211.44000244140625,200.30999755859375,210.32000732421875,210.32000732421875,179210900,327.17999267578125,330.3800048828125,319.9200134277344,322.8599853515625,322.63287353515625,56380500
2026-02-09,663.1799926757812,683.3099975585938,658.780029296875,677.219970703125,676.640625,14837500,184.25999450683594,193.66000366210938,183.9499969482422,190.0399932861328,190.0297088623047,196387400,409.9100036621094,421.25,407.2900085449219,417.32000732421875,417.32000732421875,54484300,404.8500061035156,414.8900146484375,400.8699951171875,413.6000061035156,412.65814208984375,45480500,277.9100036621094,278.20001220703125,271.70001220703125,274.6199951171875,274.3672180175781,44623400,208.97000122070312,212.80999755859375,203.35000610351562,208.72000122070312,208.72000122070312,91178400,320.92999267578125,327.70001220703125,317.260009765625,324.32000732421875,324.09185791015625,39640100
2026-02-10,677.5999755859375,680.6500244140625,669.7899780273438,670.719970703125,670.1461791992188,10455800,191.3800048828125,192.47999572753906,188.1199951171875,188.5399932861328,188.52978515625,136764800,418.0799865722656,427.25,417.0,425.2099914550781,425.2099914550781,64450200,419.6199951171875,423.67999267578125,412.70001220703125,413.2699890136719,412.328857421875,44857900,274.8900146484375,275.3699951171875,272.94000244140625,273.67999267578125,273.4280700683594,34376900,208.8000030517578,212.64999389648438,206.41000366210938,206.9600067138672,206.9600067138672,67175000,320.9700012207031,321.6700134277344,314.6099853515625,318.5799865722656,318.3558654785156,39170000
2026-02-11,674.0,679.27001953125,657.0999755859375,668.6900024414062,668.1179809570312,14323800,192.4499969482422,193.25999450683594,188.77000427246094,190.0500030517578,190.0397186279297,144192700,427.9599914550781,436.3500061035156,420.0299987792969,428.2699890136719,428.2699890136719,57362000,416.17999267578125,416.4599914550781,401.010009765625,404.3699951171875,403.4491271972656,42491000,274.70001220703125,280.17999267578125,274.45001220703125,275.5,275.24639892578125,51931300,208.05999755859375,208.57000732421875,202.49000549316406,204.0800018310547,204.0800018310547,65545500,318.9700012207031,321.05999755859375,309.6600036621094,310.9599914550781,310.7412414550781,45406400
2026-02-12,669.969970703125,676.0,645.280029296875,649.8099975585938,649.254150390625,14960100,193.02999877929688,193.61000061035156,186.50999450683594,186.94000244140625,186.9298858642578,189932500,430.29998779296875,436.2300109863281,414.0,417.07000732421875,417.07000732421875,61933400,405.0,406.20001220703125,398.010009765625,401.8399963378906,400.9248962402344,40802400,275.5899963378906,275.7200012207031,260.17999267578125,261.7300109863281,261.4891052246094,81077200,203.9600067138672,203.9600067138672,197.55999755859375,199.60000610351562,199.60000610351562,83975400,312.0899963378906,316.239990234375,307.20001220703125,309.0,308.7826232910156,47761300
2026-02-13,645.0999755859375,651.4299926757812,634.5700073242188,639.77001953125,639.2227172851562,12336400,187.47999572753906,187.5,181.58999633789062,182.80999755859375,182.80010986328125,161888000,414.30999755859375,424.05999755859375,410.8800048828125,417.44000244140625,417.44000244140625,51434100,404.45001220703125,405.5400085449219,398.04998779296875,401.32000732421875,400.4060974121094,34091600,262.010009765625,262.2300109863281,255.4499969482422,255.77999877929688,255.5445556640625,56290700,198.8800048828125,201.16000366210938,197.27999877929688,198.7899932861328,198.7899932861328,66321600,307.7300109863281,308.6300048828125,303.7099914550781,305.7200012207031,305.50494384765625,38499700
2026-02-17,639.5,642.5999755859375,628.7999877929688,639.2899780273438,638.7431030273438,12674700,181.75,187.14999389648438,179.17999267578125,184.97000122070312,184.95999145507812,162276900,412.3599853515625,413.7200012207031,400.510009765625,410.6300048828125,410.6300048828125,59678800,399.2200012207031,400.5199890136719,394.5299987792969,396.8599853515625,395.95623779296875,32078800,258.04998779296875,266.2900085449219,255.5399932861328,263.8800048828125,263.6371154785156,58469100,198.1300048828125,201.74000549316406,196.0,201.14999389648438,201.14999389648438,69879200,300.0400085449219,304.44000244140625,296.25,302.0199890136719,301.8075256347656,39247600
2026-02-18,633.7999877929688,645.0,628.1500244140625,643.219970703125,642.6697387695312,14649200,188.75,190.3699951171875,186.75999450683594,187.97999572753906,187.96981811523438,164749100,411.1099853515625,416.8999938964844,409.5799865722656,411.32000732421875,411.32000732421875,45921400,398.1300048828125,402.55999755859375,396.32000732421875,399.6000061035156,398.69000244140625,23223400,263.6000061035156,266.82000732421875,262.45001220703125,264.3500061035156,264.106689453125,34203300,202.07000732421875,206.86000061035156,201.50999450683594,204.7899932861328,204.7899932861328,51003300,302.0899963378906,305.3800048828125,301.25,303.3299865722656,303.1166076660156,28482100
2026-02-19,638.5700073242188,647.1900024414062,636.719970703125,644.780029296875,644.2284545898438,10035700,187.05999755859375,188.42999267578125,185.66000366210938,187.89999389648438,187.88983154296875,126554500,407.25,415.25,404.1099853515625,411.7099914550781,411.7099914550781,51019600,400.69000244140625,404.42999267578125,396.6700134277344,398.4599914550781,398.4599914550781,28234000,262.6000061035156,264.4800109863281,260.04998779296875,260.5799865722656,260.3401184082031,30845300,203.8000030517578,205.63999938964844,202.80999755859375,204.86000061035156,204.86000061035156,35669600,301.82000732421875,305.4700012207031,300.0400085449219,302.8500061035156,302.636962890625,25834400
2026-02-20,639.6900024414062,663.3499755859375,638.780029296875,655.6599731445312,655.09912109375,14183500,186.57000732421875,190.3300018310547,185.94000244140625,189.82000732421875,189.8097381591797,178422300,408.29998779296875,414.70001220703125,405.5,411.82000732421875,411.82000732421875,57912200,396.1099853515625,400.1199951171875,395.1600036621094,397.2300109863281,397.2300109863281,34015200,258.9700012207031,264.75,258.1600036621094,264.5799865722656,264.3364562988281,42070500,204.75999450683594,211.1699981689453,203.75,210.11000061035156,210.11000061035156,65881600,304.32000732421875,316.5,303.8999938964844,314.9800109863281,314.7584228515625,53210800
2026-02-23,652.5399780273438,657.7000122070312,636.0,637.25,636.7048950195312,8605900,191.39999389648438,193.9499969482422,189.5800018310547,191.5500030517578,191.53964233398438,171584800,407.2900085449219,407.70001220703125,394.0400085449219,399.8299865722656,399.8299865722656,69680000,395.0,395.3599853515625,383.1000061035156,384.4700012207031,384.4700012207031,43238300,263.489990234375,269.42999267578125,263.3800048828125,266.17999267578125,265.9349670410156,37308200,208.10000610351562,208.42999267578125,203.11000061035156,205.27000427246094,205.27000427246094,53581500,319.04998779296875,319.5199890136719,309.8699951171875,311.489990234375,311.2708740234375,31423000
2026-02-24,633.0800170898438,641.1099853515625,628.97998046875,639.2999877929688,638.7531127929688,10135600,191.49000549316406,193.77000427246094,187.39999389648438,192.85000610351562,192.83956909179688,175123600,399.5,410.82000732421875,397.6400146484375,409.3800048828125,409.3800048828125,58579500,384.1400146484375,389.3599853515625,381.7099914550781,389.0,389.0,33884700,267.8599853515625,274.8900146484375,267.7099914550781,272.1400146484375,271.8895263671875,47014600,205.47000122070312,210.36000061035156,203.25,208.55999755859375,208.55999755859375,41137200,310.5199890136719,312.2699890136719,305.92999267578125,310.8999938964844,310.6813049316406,25615600
2026-02-25,642.530029296875,653.8800048828125,642.1400146484375,653.6900024414062,653.1307983398438,11330700,194.4499969482422,197.6300048828125,193.7899932861328,195.55999755859375,195.54940795898438,250637100,412.1499938964844,420.3399963378906,412.1499938964844,417.3999938964844,417.3999938964844,54809700,390.5299987792969,401.4700012207031,390.1600036621094,400.6000061035156,400.6000061035156,43625500,271.7799987792969,274.94000244140625,271.04998779296875,274.2300109863281,273.97760009765625,33714300,210.4600067138672,211.58999633789062,208.92999267578125,210.63999938964844,210.63999938964844,41346400,312.05999755859375,313.6400146484375,309.44000244140625,312.8999938964844,312.67987060546875,29963600
2026-02-26,650.5499877929688,661.0,647.5,657.010009765625,656.447998046875,10637700,194.27000427246094,194.2899932861328,184.32000732421875,184.88999938964844,184.87998962402344,360807900,414.4200134277344,416.80999755859375,403.6600036621094,408.5799865722656,408.5799865722656,53602500,404.7099914550781,407.489990234375,398.739990234375,401.7200012207031,401.7200012207031,34405900,274.95001220703125,276.1099853515625,270.79998779296875,272.95001220703125,272.6987609863281,32345100,210.72999572753906,211.0500030517578,205.35000610351562,207.9199981689453,207.9199981689453,47756800,312.6400146484375,313.1400146484375,302.3500061035156,307.3800048828125,307.1637878417969,36431200
2026-02-27,643.4500122070312,649.4400024414062,638.1199951171875,648.1799926757812,647.62548828125,15703000,181.25,182.58999633789062,176.3800048828125,177.19000244140625,177.180419921875,311636500,402.94000244140625,407.1199951171875,398.1099853515625,402.510009765625,402.510009765625,56890100,390.8800048828125,396.82000732421875,389.8800048828125,392.739990234375,392.739990234375,51367200,272.80999755859375,272.80999755859375,262.8900146484375,264.17999267578125,263.93682861328125,72366500,206.8300018310547,210.3300018310547,205.1999969482422,210.0,210.0,57422800,304.1400146484375,312.3699951171875,303.79998779296875,311.760009765625,311.54071044921875,44640600
2026-03-02,637.1599731445312,659.9400024414062,634.5,653.5599975585938,653.0009155273438,9816100,175.00999450683594,183.4600067138672,174.63999938964844,182.47999572753906,182.47012329101562,209095300,390.6000061035156,404.5400085449219,388.25,403.32000732421875,403.32000732421875,55088300,392.8599853515625,401.19000244140625,390.6300048828125,398.54998779296875,398.54998779296875,35474900,262.4100036621094,266.5299987792969,260.20001220703125,264.7200012207031,264.476318359375,41827900,204.5500030517578,209.72999572753906,203.4600067138672,208.38999938964844,208.38999938964844,46001000,303.2300109863281,308.489990234375,301.29998779296875,306.5199890136719,306.3043518066406,34790200
2026-03-03,648.2899780273438,659.0399780273438,638.8400268554688,655.0800170898438,654.5196533203125,12263800,178.49000549316406,180.89999389648438,176.9199981689453,180.0500030517578,180.04025268554688,178099400,395.0899963378906,396.3399963378906,385.3900146484375,392.42999267578125,392.42999267578125,62617300,393.1400146484375,406.70001220703125,392.6700134277344,403.92999267578125,403.92999267578125,38199200,263.4800109863281,265.55999755859375,260.1300048828125,263.75,263.5072326660156,38568900,203.10000610351562,209.17999267578125,202.47999572753906,208.72999572753906,208.72999572753906,43184900,298.5899963378906,303.94000244140625,296.7099914550781,303.5799865722656,303.3664245605469,35497000
2026-03-04,657.9600219726562,672.77001953125,657.6699829101562,667.72998046875,667.1587524414062,10810100,180.44000244140625,184.6999969482422,180.05999755859375,183.0399932861328,183.03009033203125,177731200,397.8500061035156,408.3299865722656,394.5799865722656,405.94000244140625,405.94000244140625,68305500,401.2699890136719,411.0299987792969,400.30999755859375,405.20001220703125,405.20001220703125,35808000,264.6499938964844,266.1499938964844,261.4200134277344,262.5199890136719,262.2783508300781,39803100,210.47000122070312,217.5399932861328,210.14999389648438,216.82000732421875,216.82000732421875,54731100,302.8900146484375,305.4700012207031,300.75,303.1300048828125,302.9167785644531,29536200
2026-03-05,661.9299926757812,670.7000122070312,650.3099975585938,660.5700073242188,660.0049438476562,13341400,181.1699981689453,184.05999755859375,177.8800048828125,183.33999633789062,183.330078125,198779700,401.57000732421875,408.6199951171875,399.4200134277344,405.54998779296875,405.54998779296875,51925900,404.4200134277344,411.6099853515625,404.3999938964844,410.67999267578125,410.67999267578125,39001300,260.7900085449219,261.55999755859375,257.25,260.2900085449219,260.0504150390625,49658600,215.97999572753906,220.47000122070312,215.58999633789062,218.94000244140625,218.94000244140625,60943400,303.0400085449219,303.29998779296875,297.989990234375,300.8800048828125,300.6683349609375,35752300
2026-03-06,647.9000244140625,649.469970703125,636.1099853515625,644.8599853515625,644.308349609375,13159400,179.83999633789062,182.75999450683594,176.82000732421875,177.82000732421875,177.8103790283203,189021900,398.0899963378906,402.3500061035156,394.2099914550781,396.7300109863281,396.7300109863281,64054600,409.20001220703125,413.04998779296875,408.510009765625,408.9599914550781,408.9599914550781,31123900,258.6300048828125,258.7699890136719,254.3699951171875,257.4599914550781,257.2229919433594,41120000,214.99000549316406,217.32000732421875,212.52999877929688,213.2100067138672,213.2100067138672,51152700,296.0899963378906,300.5299987792969,295.17999267578125,298.5199890136719,298.30999755859375,25576900
2026-03-09,634.780029296875,647.75,626.780029296875,647.3900146484375,646.836181640625,13489700,176.8300018310547,182.91000366210938,175.55999755859375,182.64999389648438,182.64010620117188,177213600,390.04998779296875,401.5899963378906,381.3999938964844,398.67999267578125,398.67999267578125,67018900,404.9200134277344,410.2099914550781,403.5,409.4100036621094,409.4100036621094,30131900,255.69000244140625,261.1499938964844,253.67999267578125,259.8800048828125,259.6407775878906,38218500,210.4499969482422,213.82000732421875,207.11000061035156,213.49000549316406,213.49000549316406,54642900,294.3599853515625,306.79998779296875,294.0799865722656,306.3599853515625,306.3599853515625,29312100
2026-03-10,653.5599975585938,660.2999877929688,649.0,654.0700073242188,653.510498046875,9859300,182.39999389648438,186.44000244140625,182.00999450683594,184.77000427246094,184.760009765625,179118500,402.2200012207031,406.5899963378906,398.19000244140625,399.239990234375,399.239990234375,59258700,410.0299987792969,410.20001220703125,402.92999267578125,405.760009765625,405.760009765625,31706400,257.6499938964844,262.4800109863281,256.95001220703125,260.8299865722656,260.58990478515625,30590800,214.19000244140625,215.64999389648438,212.42999267578125,214.3300018310547,214.3300018310547,35678800,306.1700134277344,309.510009765625,305.57000732421875,307.0400085449219,307.0400085449219,23239700
2026-03-11,654.760009765625,659.1199951171875,648.3599853515625,654.8599853515625,654.2998046875,8977200,185.91000366210938,187.6199951171875,184.4499969482422,186.02999877929688,186.02999877929688,145280400,402.2799987792969,416.3800048828125,402.1499938964844,407.82000732421875,407.82000732421875,62559900,405.57000732421875,409.010009765625,401.5899963378906,404.8800048828125,404.8800048828125,25512100,261.0899963378906,262.1300048828125,259.54998779296875,260.80999755859375,260.5699157714844,26218900,215.7100067138672,217.0,211.35000610351562,212.64999389648438,212.64999389648438,34199300,306.75,311.4200134277344,305.9200134277344,308.70001220703125,308.70001220703125,24125700
2026-03-12,648.75,653.5,636.9000244140625,638.1799926757812,637.6340942382812,11617500,184.0500030517578,184.94000244140625,181.75,183.13999938964844,183.13999938964844,155762700,405.17999267578125,406.5,394.6499938964844,395.010009765625,395.010009765625,60973800,404.6300048828125,406.1199951171875,401.7099914550781,401.8599853515625,401.8599853515625,27263900,258.6600036621094,258.95001220703125,254.17999267578125,255.75999450683594,255.52456665039062,40794000,210.38999938964844,211.7100067138672,208.14999389648438,209.52999877929688,209.52999877929688,44349500,306.82000732421875,308.94000244140625,301.0299987792969,303.54998779296875,303.54998779296875,24928300
2026-03-13,623.8900146484375,629.1699829101562,609.5499877929688,613.7100219726562,613.1849975585938,18957600,184.9199981689453,186.08999633789062,179.94000244140625,180.25,180.25,160988400,399.1700134277344,400.20001220703125,389.95001220703125,391.20001220703125,391.20001220703125,58504100,401.0,404.79998779296875,394.25,395.54998779296875,395.54998779296875,26848000,255.47999572753906,256.3299865722656,249.52000427246094,250.1199951171875,249.8897705078125,36930000,209.61000061035156,210.55999755859375,206.22000122070312,207.6699981689453,207.6699981689453,35662100,307.010009765625,307.69000244140625,300.44000244140625,302.2799987792969,302.2799987792969,23693100
2026-03-16,632.0,634.75,623.0999755859375,627.4500122070312,627.4500122070312,15134900,182.97000122070312,188.8800048828125,181.41000366210938,183.22000122070312,183.22000122070312,217307400,396.2200012207031,403.7300109863281,394.4200134277344,395.55999755859375,395.55999755859375,58068300,398.07000732421875,400.6300048828125,394.7900085449219,399.95001220703125,399.95001220703125,27733700,252.11000061035156,253.88999938964844,249.8800048828125,252.82000732421875,252.58729553222656,32074200,208.35000610351562,212.72000122070312,207.4499969482422,211.74000549316406,211.74000549316406,42209300,304.3500061035156,306.489990234375,303.0199890136719,305.55999755859375,305.55999755859375,23519700
2026-03-17,627.989990234375,636.5499877929688,621.7000122070312,622.6599731445312,622.6599731445312,10348800,185.05999755859375,185.39999389648438,181.67999267578125,181.92999267578125,181.92999267578125,182497800,395.69000244140625,400.1199951171875,393.0,399.2699890136719,399.2699890136719,46890500,400.2699890136719,404.3999938964844,397.75,399.4100036621094,399.4100036621094,26228300,252.9600067138672,255.1300048828125,252.17999267578125,254.22999572753906,253.99598693847656,32361600,212.82000732421875,215.6999969482422,212.42999267578125,215.1999969482422,215.1999969482422,44969900,305.8599853515625,311.4200134277344,305.5,310.9200134277344,310.9200134277344,21955200
2026-03-18,616.3400268554688,622.6500244140625,614.6099853515625,615.6799926757812,615.6799926757812,11726300,182.47999572753906,183.3800048828125,180.3300018310547,180.39999389648438,180.39999389648438,156683100,399.0,403.07000732421875,392.30999755859375,392.7799987792969,392.7799987792969,50853100,397.1300048828125,398.0,391.0,391.7900085449219,391.7900085449219,25908500,252.6300048828125,254.94000244140625,249.0,249.94000244140625,249.70994567871094,35757900,213.92999267578125,215.13999938964844,208.8300018310547,209.8699951171875,209.8699951171875,37846600,309.2699890136719,312.4700012207031,306.92999267578125,307.69000244140625,307.69000244140625,20009800
2026-03-19,612.1500244140625,613.0,602.260009765625,606.7000122070312,606.7000122070312,13247700,178.00999450683594,179.97999572753906,175.7899932861328,178.55999755859375,178.55999755859375,170968500,387.2699890136719,387.2699890136719,378.7300109863281,380.29998779296875,380.29998779296875,67078300,390.1000061035156,392.489990234375,387.05999755859375,389.0199890136719,389.0199890136719,25138800,249.39999389648438,251.8300018310547,247.3000030517578,248.9600067138672,248.73085021972656,34864100,207.05999755859375,209.1199951171875,206.0500030517578,208.75999450683594,208.75999450683594,36440600,304.010009765625,308.05999755859375,302.3500061035156,307.1300048828125,307.1300048828125,25075800
2026-03-20,603.530029296875,603.9600219726562,587.25,593.6599731445312,593.6599731445312,21214900,178.0,178.25999450683594,171.72000122070312,172.6999969482422,172.6999969482422,241323500,379.8500061035156,379.8900146484375,364.4599914550781,367.9599914550781,367.9599914550781,78628600,386.7900085449219,387.0,380.1199951171875,381.8699951171875,381.8699951171875,50853200,247.97999572753906,249.1999969482422,246.0,247.99000549316406,247.76173400878906,88331100,207.39999389648438,207.5399932861328,204.32000732421875,205.3699951171875,205.3699951171875,63694600,305.4599914550781,306.0,298.2699890136719,301.0,301.0,44364100
2026-03-23,605.7899780273438,608.6400146484375,599.010009765625,604.0599975585938,604.0599975585938,13638000,177.25999450683594,178.3699951171875,174.75999450683594,175.63999938964844,175.63999938964844,182836300,373.0899963378906,385.3299865722656,372.7300109863281,380.8500061035156,380.8500061035156,74606000,383.8999938964844,387.2099914550781,381.67999267578125,383.0,383.0,29680100,253.97000122070312,254.60000610351562,250.27999877929688,251.49000549316406,251.25851440429688,40546100,209.7899932861328,212.8000030517578,209.50999450683594,210.13999938964844,210.13999938964844,44277400,302.1099853515625,305.9800109863281,300.92999267578125,302.05999755859375,302.05999755859375,29326900
2026-03-24,599.0999755859375,601.0,591.0,592.9199829101562,592.9199829101562,10739700,174.8300018310547,176.22000122070312,173.97999572753906,175.1999969482422,175.1999969482422,147667800,376.55999755859375,387.4800109863281,376.30999755859375,383.0299987792969,383.0299987792969,60004900,382.3599853515625,382.4700012207031,371.8500061035156,372.739990234375,372.739990234375,42733600,250.35000610351562,254.8300018310547,249.5500030517578,251.63999938964844,251.4083709716797,45152300,207.9499969482422,209.35000610351562,206.63999938964844,207.24000549316406,207.24000549316406,35351400,299.20001220703125,299.9200134277344,290.3299865722656,290.44000244140625,290.44000244140625,36864300
2026-03-25,598.739990234375,603.6699829101562,593.4000244140625,594.8900146484375,594.8900146484375,12585000,177.10000610351562,181.22000122070312,176.85000610351562,178.67999267578125,178.67999267578125,162602100,389.989990234375,396.2300109863281,385.010009765625,385.95001220703125,385.95001220703125,55157300,376.9200134277344,377.05999755859375,369.6300048828125,371.0400085449219,371.0400085449219,31181200,254.10000610351562,255.0,251.60000610351562,252.6199951171875,252.38746643066406,28476700,211.55999755859375,213.07000732421875,209.89999389648438,211.7100067138672,211.7100067138672,36388800,293.44000244140625,296.0,289.239990234375,290.92999267578125,290.92999267578125,29460700
2026-03-26,582.489990234375,583.0,543.3499755859375,547.5399780273438,547.5399780273438,35780100,176.07000732421875,176.50999450683594,171.13999938964844,171.24000549316406,171.24000549316406,186152200,381.6000061035156,384.44000244140625,371.8699951171875,372.1099853515625,372.1099853515625,55522900,370.82000732421875,374.7200012207031,365.19000244140625,365.9700012207031,365.9700012207031,36836600,252.1199951171875,257.0,250.77000427246094,252.88999938964844,252.6572265625,41796700,210.61000061035156,212.88999938964844,207.1199951171875,207.5399932861328,207.5399932861328,46746000,287.9100036621094,287.95001220703125,278.5,280.9200134277344,280.9200134277344,39080600
2026-03-27,540.0999755859375,543.5999755859375,520.260009765625,525.719970703125,525.719970703125,30133000,170.0,170.97000122070312,167.00999450683594,167.52000427246094,167.52000427246094,196212700,369.69000244140625,369.8599853515625,359.4700012207031,361.8299865722656,361.8299865722656,62065700,361.8999938964844,362.45001220703125,356.510009765625,356.7699890136719,356.7699890136719,37883400,253.89999389648438,255.49000549316406,248.07000732421875,248.8000030517578,248.57098388671875,47900000,206.4600067138672,206.60000610351562,199.13999938964844,199.33999633789062,199.33999633789062,56009800,277.2799987792969,279.3699951171875,273.95001220703125,274.3399963378906,274.3399963378906,35890600
2026-03-30,536.3800048828125,539.5499877929688,528.5399780273438,536.3800048828125,536.3800048828125,22795200,168.77999877929688,169.4499969482422,164.27000427246094,165.1699981689453,165.1699981689453,185627000,365.8599853515625,367.2900085449219,352.1400146484375,355.2799987792969,355.2799987792969,67954400,361.8999938964844,365.3599853515625,356.2799987792969,358.9599914550781,358.9599914550781,44797000,250.07000732421875,250.8699951171875,245.50999450683594,246.6300048828125,246.40298461914062,39446200,201.47999572753906,203.8000030517578,199.97999572753906,200.9499969482422,200.9499969482422,46373800,276.4200134277344,277.0899963378906,272.1099853515625,273.5,273.5,35141200
2026-03-31,549.97998046875,573.6900024414062,546.77001953125,572.1300048828125,572.1300048828125,32898300,166.97000122070312,174.6199951171875,166.9600067138672,174.39999389648438,174.39999389648438,226181300,361.510009765625,373.3299865722656,361.0,371.75,371.75,75534900,364.54998779296875,372.8999938964844,363.07000732421875,370.1700134277344,370.1700134277344,45244400,247.91000366210938,255.47999572753906,247.10000610351562,253.7899932861328,253.55638122558594,49598100,204.85000610351562,210.27999877929688,204.13999938964844,208.27000427246094,208.27000427246094,58470100,278.0400085449219,288.0799865722656,277.0899963378906,287.55999755859375,287.55999755859375,43875400
2026-04-01,580.1300048828125,592.5499877929688,573.8200073242188,579.22998046875,579.22998046875,23608100,176.0,177.3699951171875,174.75,175.75,175.75,168132000,378.6300048828125,383.1400146484375,374.0799865722656,381.260009765625,381.260009765625,58683800,373.489990234375,373.989990234375,368.20001220703125,369.3699951171875,369.3699951171875,29417200,254.0800018310547,256.17999267578125,253.3300018310547,255.6300048828125,255.3946990966797,40059400,210.44000244140625,213.5800018310547,208.19000244140625,210.57000732421875,210.57000732421875,45955400,290.8399963378906,300.5199890136719,290.4100036621094,297.3900146484375,297.3900146484375,37684500
2026-04-02,566.0399780273438,578.5,559.7000122070312,574.4600219726562,574.4600219726562,13518500,172.17999267578125,177.49000549316406,171.3699951171875,177.38999938964844,177.38999938964844,143143200,364.20001220703125,370.2799987792969,359.0299987792969,360.5899963378906,360.5899963378906,83031200,367.2099914550781,373.6400146484375,364.1499938964844,373.4599914550781,373.4599914550781,24099100,254.1999969482422,256.1300048828125,250.64999389648438,255.9199981689453,255.68443298339844,31289400,206.5399932861328,212.2100067138672,204.89999389648438,209.77000427246094,209.77000427246094,31453000,290.69000244140625,298.0799865722656,289.45001220703125,295.7699890136719,295.7699890136719,21666500
2026-04-06,577.6900024414062,582.7899780273438,572.0,573.02001953125,573.02001953125,9515700,177.16000366210938,177.7899932861328,175.75999450683594,177.63999938964844,177.63999938964844,107564300,362.5899963378906,367.7200012207031,346.6400146484375,352.82000732421875,352.82000732421875,77697600,373.489990234375,373.7300109863281,369.5,372.8800048828125,372.8800048828125,16146600,256.510009765625,262.1600036621094,256.4599914550781,258.8599853515625,258.6217041015625,29329900,209.8000030517578,212.9499969482422,209.58999633789062,212.7899932861328,212.7899932861328,25385500,295.8699951171875,300.6199951171875,295.17999267578125,299.989990234375,299.989990234375,16945500
2026-04-07,572.47998046875,575.22998046875,564.760009765625,575.0499877929688,575.0499877929688,9580800,175.72999572753906,178.22999572753906,173.66000366210938,178.10000610351562,178.10000610351562,132534900,346.44000244140625,348.0199890136719,337.239990234375,346.6499938964844,346.6499938964844,74515400,370.3399963378906,372.45001220703125,366.55999755859375,372.2900085449219,372.2900085449219,21443300,256.1600036621094,256.20001220703125,245.6999969482422,253.5,253.26666259765625,62148000,211.24000549316406,213.97000122070312,209.0800018310547,213.77000427246094,213.77000427246094,28154600,302.7300109863281,305.6300048828125,297.7200012207031,305.4599914550781,305.4599914550781,23205400
2026-04-08,606.0,629.9500122070312,591.8300170898438,612.4199829101562,612.4199829101562,32036600,184.5,185.25999450683594,180.3000030517578,182.0800018310547,182.0800018310547,147732700,363.7900085449219,364.5,339.6700134277344,343.25,343.25,78838600,384.9800109863281,385.0,371.4100036621094,374.3299865722656,374.3299865722656,33064800,258.45001220703125,259.75,256.5299987792969,258.8999938964844,258.66168212890625,41032800,223.7899932861328,226.10000610351562,219.6199951171875,221.25,221.25,51092700,320.45001220703125,322.0799865722656,315.0199890136719,317.32000732421875,317.32000732421875,33547100
2026-04-09,626.969970703125,637.5,623.0,628.3900146484375,628.3900146484375,19012900,181.83999633789062,184.0800018310547,180.6199951171875,183.91000366210938,183.91000366210938,116428500,343.1499938964844,348.8800048828125,337.25,345.6199951171875,345.6199951171875,62164000,372.5,373.5,367.04998779296875,373.07000732421875,373.07000732421875,30435300,259.0,261.1199951171875,256.07000732421875,260.489990234375,260.2502136230469,28121600,225.22999572753906,233.8000030517578,223.27000427246094,233.64999389648438,233.64999389648438,65964200,315.9100036621094,319.5400085449219,311.05999755859375,318.489990234375,318.489990234375,23739200
2026-04-10,634.469970703125,638.5800170898438,624.3300170898438,629.8599853515625,629.8599853515625,13294800,184.30999755859375,190.0,184.3000030517578,188.6300048828125,188.6300048828125,160459500,346.2900085449219,350.3599853515625,342.739990234375,348.95001220703125,348.95001220703125,51336000,372.9800109863281,375.6400146484375,370.0299987792969,370.8699951171875,370.8699951171875,28111100,259.9800109863281,262.19000244140625,259.0199890136719,260.4800109863281,260.240234375,31291500,235.3000030517578,240.42999267578125,235.2100067138672,238.3800048828125,238.3800048828125,56912800,320.0199890136719,321.8299865722656,316.32000732421875,317.239990234375,317.239990234375,19152600
2026-04-13,629.5,635.0,624.4000244140625,634.530029296875,634.530029296875,9538900,186.02999877929688,189.66000366210938,185.74000549316406,189.30999755859375,189.30999755859375,133648200,350.07000732421875,356.3500061035156,348.57000732421875,352.4200134277344,352.4200134277344,53617500,373.6099853515625,384.5400085449219,371.0199890136719,384.3699951171875,384.3699951171875,35745800,259.7300109863281,260.17999267578125,256.6600036621094,259.20001220703125,258.96142578125,36234700,237.4499969482422,240.0,235.75,239.88999938964844,239.88999938964844,42166200,317.1400146484375,321.6300048828125,315.4700012207031,321.30999755859375,321.30999755859375,18866400
2026-04-14,643.219970703125,666.260009765625,639.3699951171875,662.489990234375,662.489990234375,17818000,190.83999633789062,196.50999450683594,190.77000427246094,196.50999450683594,196.50999450683594,161307000,357.6700134277344,367.6300048828125,354.7699890136719,364.20001220703125,364.20001220703125,59979600,387.9200134277344,394.69000244140625,386.5199890136719,393.1099853515625,393.1099853515625,37504500,259.25,261.92999267578125,257.19000244140625,258.8299865722656,258.59173583984375,48370700,241.77999877929688,252.17999267578125,241.77999877929688,249.02000427246094,249.02000427246094,72685000,324.7900085449219,333.2900085449219,323.75,332.9100036621094,332.9100036621094,27721400
2026-04-15,667.0,678.5,664.219970703125,671.5800170898438,671.5800170898438,14952600,196.5399932861328,200.39999389648438,195.74000549316406,198.8699951171875,198.8699951171875,185338400,366.8299865722656,394.6499938964844,362.5,391.95001220703125,391.95001220703125,113810400,398.0,414.3699951171875,396.7300109863281,411.2200012207031,411.2200012207031,45063400,258.1600036621094,266.55999755859375,257.80999755859375,266.42999267578125,266.18475341796875,49913500,249.25,250.44000244140625,247.1999969482422,248.5,248.5,43045200,332.8900146484375,337.4800109863281,330.8999938964844,337.1199951171875,337.1199951171875,24918800
2026-04-16,675.989990234375,677.5800170898438,667.75,676.8699951171875,676.8699951171875,9544800,197.42999267578125,199.85000610351562,195.80999755859375,198.35000610351562,198.35000610351562,134012900,393.80999755859375,394.05999755859375,381.79998779296875,388.8999938964844,388.8999938964844,63515100,419.8599853515625,420.82000732421875,412.1400146484375,420.260009765625,420.260009765625,41642400,266.79998779296875,267.1600036621094,261.2699890136719,263.3999938964844,263.15753173828125,43323100,248.50999450683594,250.0,244.1999969482422,249.6999969482422,249.6999969482422,41895700,338.75,339.8800048828125,334.5199890136719,336.0199890136719,336.0199890136719,20541500
2026-04-17,678.5999755859375,691.52001953125,675.1300048828125,688.5499877929688,688.5499877929688,16283500,199.89999389648438,201.6999969482422,199.27000427246094,201.67999267578125,201.67999267578125,160324400,395.9200134277344,409.2799987792969,391.6499938964844,400.6199951171875,400.6199951171875,90640000,424.82000732421875,431.5799865722656,420.69000244140625,422.7900085449219,422.7900085449219,48568200,266.9599914550781,272.29998779296875,266.7200012207031,270.2300109863281,269.98126220703125,61436200,254.99000549316406,256.17999267578125,250.11000061035156,250.55999755859375,250.55999755859375,52029300,337.6499938964844,342.32000732421875,336.239990234375,341.67999267578125,341.67999267578125,25581900
2026-04-20,681.3599853515625,683.3800048828125,668.0,670.9099731445312,670.9099731445312,12534000,199.97999572753906,202.1699981689453,197.83999633789062,202.05999755859375,202.05999755859375,119381400,402.5799865722656,406.79998779296875,388.3299865722656,392.5,392.5,64603900,421.1499938964844,423.3299865722656,416.29998779296875,418.07000732421875,418.07000732421875,27582200,270.3299865722656,274.2799987792969,270.2900085449219,273.04998779296875,272.79864501953125,36590200,249.19000244140625,250.17999267578125,245.3699951171875,248.27999877929688,248.27999877929688,39463100,340.760009765625,341.3999938964844,336.6099853515625,337.4200134277344,337.4200134277344,18784200
2026-04-21,671.0,676.2000122070312,667.3300170898438,668.8400268554688,668.8400268554688,8660100,202.1300048828125,202.75,199.0,199.8800048828125,199.8800048828125,107945300,393.0,393.95001220703125,385.2200012207031,386.4200134277344,386.4200134277344,50530600,420.239990234375,427.17999267578125,417.20001220703125,424.1600036621094,424.1600036621094,32048500,271.5,272.79998779296875,265.3999938964844,266.1700134277344,265.9250183105469,50209800,255.08999633789062,255.08999633789062,249.10000610351562,249.91000366210938,249.91000366210938,42922400,337.69000244140625,339.3399963378906,331.3500061035156,332.2900085449219,332.2900085449219,23123800
2026-04-22,674.3599853515625,678.3800048828125,669.75,674.719970703125,674.719970703125,9215600,200.99000549316406,202.5,199.0,202.5,202.5,107501000,387.57000732421875,393.010009765625,385.29998779296875,387.510009765625,387.510009765625,62362800,426.19000244140625,433.70001220703125,423.6700134277344,432.9200134277344,432.9200134277344,29378200,267.82000732421875,273.739990234375,266.8699951171875,273.1700134277344,272.9185791015625,43249200,252.44000244140625,255.94000244140625,250.3300018310547,255.36000061035156,255.36000061035156,36065100,337.0199890136719,339.82000732421875,335.1700134277344,339.32000732421875,339.32000732421875,20293000
2026-04-23,663.7000122070312,669.5599975585938,653.0499877929688,659.1500244140625,659.1500244140625,11667000,202.4600067138672,203.8300018310547,197.22000122070312,199.63999938964844,199.63999938964844,113561800,375.2799987792969,386.0,368.3900146484375,373.7200012207031,373.7200012207031,93969500,419.8900146484375,423.6600036621094,411.4100036621094,415.75,415.75,38308000,275.04998779296875,275.7699890136719,271.6499938964844,273.42999267578125,273.1783142089844,33399600,255.38999938964844,258.7900085449219,253.07000732421875,255.0800018310547,255.0800018310547,39091400,341.17999267578125,341.9599914550781,336.17999267578125,338.8900146484375,338.8900146484375,18650300
2026-04-24,660.3200073242188,680.6699829101562,653.8400268554688,675.030029296875,675.030029296875,13348300,199.9600067138672,210.9499969482422,199.80999755859375,208.27000427246094,208.27000427246094,214134400,373.5,382.760009765625,370.7300109863281,376.29998779296875,376.29998779296875,62893300,416.9700012207031,424.95001220703125,415.79998779296875,424.6199951171875,424.6199951171875,27457400,272.760009765625,273.05999755859375,269.6499938964844,271.05999755859375,270.81048583984375,38157100,259.9800109863281,264.5,257.69000244140625,263.989990234375,263.989990234375,53777400,338.7300109863281,345.2699890136719,335.3900146484375,344.3999938964844,344.3999938964844,26426100
2026-04-27,671.0,682.5,670.8400268554688,678.6199951171875,678.6199951171875,12805200,209.64999389648438,216.8300018310547,207.3800048828125,216.61000061035156,216.61000061035156,187172400,372.0899963378906,380.7799987792969,364.0199890136719,378.6700134277344,378.6700134277344,66735800,422.3800048828125,427.1099853515625,417.07000732421875,424.82000732421875,424.82000732421875,30867300,266.0899963378906,268.3599853515625,265.07000732421875,267.6099853515625,267.3636474609375,41466800,263.4599914550781,264.1499938964844,260.3399963378906,261.1199951171875,261.1199951171875,44906800,345.9800109863281,353.17999267578125,342.7300109863281,350.3399963378906,350.3399963378906,28576900
2026-04-28,674.239990234375,678.1799926757812,665.6300048828125,671.3400268554688,671.3400268554688,10606800,209.49000549316406,214.72999572753906,208.1999969482422,213.1699981689453,213.1699981689453,180275400,374.67999267578125,382.2900085449219,372.5400085449219,376.0199890136719,376.0199890136719,50864400,424.57000732421875,429.9200134277344,421.8999938964844,429.25,429.25,30438100,272.3399963378906,273.2300109863281,268.6600036621094,270.7099914550781,270.4608154296875,40018900,258.3900146484375,261.0299987792969,256.6300048828125,259.70001220703125,259.70001220703125,42204400,348.54998779296875,352.4200134277344,346.1199951171875,349.7799987792969,349.7799987792969,27824100
2026-04-29,668.9099731445312,674.25,663.8099975585938,669.1199951171875,669.1199951171875,18947500,212.6999969482422,212.72000122070312,207.5800018310547,209.25,209.25,123711800,375.3999938964844,376.3999938964844,370.0400085449219,372.79998779296875,372.79998779296875,45384800,424.5799865722656,426.82000732421875,420.2900085449219,424.4599914550781,424.4599914550781,38288300,267.54998779296875,271.0400085449219,267.0400085449219,270.1700134277344,269.92132568359375,30047900,257.989990234375,265.9100036621094,257.70001220703125,263.0400085449219,263.0400085449219,72367900,347.57000732421875,355.7900085449219,344.2099914550781,349.94000244140625,349.94000244140625,35376300
2026-04-30,619.3200073242188,620.8499755859375,600.0,611.9099731445312,611.9099731445312,52765000,209.92999267578125,210.3000030517578,198.6999969482422,199.57000732421875,199.57000732421875,225239200,372.75,384.75,368.1700134277344,381.6300048828125,381.6300048828125,51076000,410.80999755859375,414.4200134277344,398.010009765625,407.7799987792969,407.7799987792969,70909400,270.5,276.0,268.1400146484375,271.3500061035156,271.1002502441406,91848200,273.1700134277344,273.8800048828125,256.1600036621094,265.05999755859375,265.05999755859375,100974900,374.07000732421875,385.8399963378906,365.82000732421875,384.79998779296875,384.79998779296875,72040000
2026-05-01,614.6900024414062,618.8800048828125,606.1099853515625,608.75,608.75,21404000,201.27999877929688,203.0,197.1199951171875,198.4499969482422,198.4499969482422,128647000,382.489990234375,397.82000732421875,378.79998779296875,390.82000732421875,390.82000732421875,65338300,412.79998779296875,417.1099853515625,410.44000244140625,414.44000244140625,414.44000244140625,31372400,278.8599853515625,287.2200012207031,278.3699951171875,280.1400146484375,279.88214111328125,79915400,265.5799865722656,273.32000732421875,262.739990234375,268.260009765625,268.260009765625,50825200,381.6300048828125,386.760009765625,379.04998779296875,385.69000244140625,385.69000244140625,30105200
2026-05-04,607.9400024414062,614.0,602.75,610.4099731445312,610.4099731445312,16203900,199.5,201.72999572753906,194.74000549316406,198.47999572753906,198.47999572753906,125368100,390.2300109863281,394.6400146484375,384.79998779296875,392.510009765625,392.510009765625,48765100,411.5400085449219,420.7799987792969,410.79998779296875,413.6199951171875,413.6199951171875,28066500,279.6600036621094,280.6300048828125,274.8599853515625,276.8299865722656,276.5751647949219,46668400,268.79998779296875,276.1000061035156,268.79998779296875,272.04998779296875,272.04998779296875,49083700,385.6300048828125,387.3800048828125,379.7900085449219,383.25,383.25,26298600
2026-05-05,613.3099975585938,614.3499755859375,600.3599853515625,604.9600219726562,604.9600219726562,17171300,199.3000030517578,200.24000549316406,196.02999877929688,196.5,196.5,113406600,395.19000244140625,402.1199951171875,389.0,389.3699951171875,389.3699951171875,47780600,415.32000732421875,416.7799987792969,408.79998779296875,411.3800048828125,411.3800048828125,25700900,276.92999267578125,284.57000732421875,276.5,284.17999267578125,283.9184265136719,49311700,276.0799865722656,278.55999755859375,272.3800048828125,273.54998779296875,273.54998779296875,41908500,386.2300109863281,392.82000732421875,384.0199890136719,388.42999267578125,388.42999267578125,23878600
2026-05-06,601.0499877929688,619.9500122070312,598.0999755859375,612.8800048828125,612.8800048828125,19915500,199.88999938964844,208.27000427246094,198.61000061035156,207.8300018310547,207.8300018310547,188362800,386.25,401.67999267578125,384.0199890136719,398.7300109863281,398.7300109863281,53465400,408.0,418.4200134277344,405.1099853515625,413.9599914550781,413.9599914550781,30285900,281.9200134277344,288.0299987792969,281.07000732421875,287.510009765625,287.245361328125,58336100,272.8900146484375,277.79998779296875,272.2099914550781,274.989990234375,274.989990234375,44552000,394.25,399.8500061035156,392.760009765625,398.0400085449219,398.0400085449219,31308500
2026-05-07,614.719970703125,624.97998046875,613.5399780273438,616.8099975585938,616.8099975585938,12307400,208.33999633789062,214.1999969482422,206.5,211.5,211.5,168307900,407.4800109863281,415.8299865722656,402.1199951171875,411.7900085449219,411.7900085449219,64294200,420.1099853515625,427.9800109863281,418.760009765625,420.7699890136719,420.7699890136719,34942400,289.2699890136719,292.1300048828125,285.7799987792969,287.44000244140625,287.1754150390625,45224300,275.0199890136719,276.6300048828125,270.489990234375,271.1700134277344,271.1700134277344,35892900,399.9200134277344,400.1000061035156,392.67999267578125,397.989990234375,397.989990234375,24433500
2026-05-08,615.2000122070312,616.77001953125,606.0599975585938,609.6300048828125,609.6300048828125,13557000,213.02999877929688,217.8000030517578,212.88999938964844,215.1999969482422,215.1999969482422,136421400,416.4800109863281,431.20001220703125,416.3900146484375,428.3500061035156,428.3500061035156,65050000,417.3900146484375,418.6300048828125,414.0,415.1199951171875,415.1199951171875,33383800,290.010009765625,294.760009765625,290.0,293.32000732421875,293.0500183105469,52692800,271.6300048828125,274.0,269.95001220703125,272.67999267578125,272.67999267578125,34732700,397.0,402.0,396.3599853515625,400.79998779296875,400.79998779296875,21461800
2026-05-11,604.5700073242188,604.9099731445312,598.0800170898438,598.8599853515625,598.8599853515625,15940600,214.0399932861328,222.3000030517578,213.88999938964844,219.44000244140625,219.44000244140625,160685800,422.1600036621094,449.1600036621094,416.79998779296875,445.0,445.0,78376100,407.8699951171875,412.69000244140625,405.5,412.6600036621094,412.6600036621094,35657900,291.9800109863281,293.8800048828125,290.2300109863281,292.67999267578125,292.67999267578125,42247300,269.8399963378906,273.6300048828125,268.4800109863281,268.989990234375,268.989990234375,38176700,393.6499938964844,397.44000244140625,388.4700012207031,388.6400146484375,388.6400146484375,30753700
2026-05-12,594.8200073242188,603.75,592.5999755859375,603.0,603.0,11330300,218.5500030517578,223.75,214.9199981689453,220.77999877929688,220.77999877929688,158666400,441.4100036621094,447.79998779296875,422.260009765625,433.45001220703125,433.45001220703125,60379000,414.4800109863281,415.5,406.6400146484375,407.7699890136719,407.7699890136719,38523400,292.55999755859375,295.2699890136719,292.55999755859375,294.79998779296875,294.79998779296875,45689300,266.7099914550781,267.6499938964844,262.6300048828125,265.82000732421875,265.82000732421875,36700000,387.3399963378906,388.5199890136719,382.7699890136719,387.3500061035156,387.3500061035156,25946800
